{
    "fps": {
        "average": 80.52373714747543,
        "minimum": 13.054830286952308,
        "maximum": 1666.6666677014696,
        "baseline": 50,
        "samples": 181
    },
    "microfreezes": {
        "count": 0,
        "maxDuration": 0
    },
    "environment": "local",
    "timestamp": 1753194739871
}
