{
    "fps": {
        "average": 121.21837699141167,
        "minimum": 7.027406886859324,
        "maximum": 2500.0000002182787,
        "baseline": 50,
        "samples": 127
    },
    "microfreezes": {
        "count": 0,
        "maxDuration": 0
    },
    "environment": "local",
    "timestamp": 1753183966417
}
