{
    "fps": {
        "average": 87.83243996117335,
        "minimum": 7.651109410867301,
        "maximum": 1000,
        "baseline": 50,
        "samples": 112
    },
    "microfreezes": {
        "count": 0,
        "maxDuration": 0
    },
    "environment": "local",
    "timestamp": 1753145597532
}
