{
    "success": true,
    "metrics": {
        "bundleSize": 1499653,
        "bundleSizeMB": 1.430180549621582,
        "avgFPS": 121.21837699141167,
        "minFPS": 7.027406886859324,
        "fpssamples": 127,
        "fpsDegradation": -1.4243675398282334,
        "microfreezes": 0,
        "executionTimeMs": 4
    },
    "errors": [],
    "environment": "local",
    "timestamp": "2025-07-22T14:31:00.623Z"
}
