{
    "fps": {
        "average": 71.36189943543283,
        "minimum": 10.341261634397405,
        "maximum": 1428.5714376945884,
        "baseline": 50,
        "samples": 169
    },
    "microfreezes": {
        "count": 0,
        "maxDuration": 0
    },
    "environment": "local",
    "timestamp": 1753178111031
}
